{
  "train_loss": [
    1.0433779734019601,
    0.5564956710976504,
    0.5379671785439842,
    0.5302546835721077,
    0.5214405253175244,
    0.5200022774727887,
    0.5188717080550495,
    0.5176950555643967,
    0.5132266718626478,
    0.5134303608889396,
    0.5152613116470508,
    0.5156569137831274,
    0.509270480223841,
    0.5084284006099488,
    0.5093380048581895,
    0.5078100485696139
  ],
  "val_loss": [
    0.5283434039943821,
    0.511760173525129,
    0.5060252670403366,
    0.49998101127016675,
    0.49603270135083044,
    0.4987656188535166,
    0.49305092358327174,
    0.4937194246512193,
    0.49473830474602,
    0.4928946060138744,
    0.49544557765289976,
    0.49100093186556637,
    0.4927219314889593,
    0.4860024753507677,
    0.4882944465993525,
    0.48742934373708874
  ],
  "train_acc": [
    0.8950532932495218,
    0.9978136102760317,
    0.9964471166985516,
    0.9978136102760317,
    0.9994534025690079,
    0.9986335064225198,
    0.9980869089915277,
    0.9983602077070238,
    0.9989068051380159,
    0.9994534025690079,
    0.9994534025690079,
    0.9997267012845039,
    0.9991801038535119,
    1.0,
    0.9983602077070238,
    0.9989068051380159
  ],
  "val_acc": [
    1.0,
    1.0,
    1.0,
    1.0,
    1.0,
    1.0,
    1.0,
    1.0,
    1.0,
    1.0,
    1.0,
    1.0,
    1.0,
    1.0,
    1.0,
    1.0
  ],
  "lr": [
    0.00029265847744427303,
    0.0002713525491562421,
    0.00023816778784387094,
    0.0001963525491562421,
    0.00015,
    0.0001036474508437579,
    6.183221215612904e-05,
    2.8647450843757897e-05,
    7.34152255572697e-06,
    0.0003,
    0.00029815325108927063,
    0.00029265847744427303,
    0.00028365097862825513,
    0.0002713525491562421,
    0.00025606601717798207,
    0.00023816778784387094
  ]
}