{
  "train_loss": [
    0.5424946031403485,
    0.4923309990850422,
    0.48845351226539896,
    0.49021991408546545,
    0.48859604919969707,
    0.4880598815851189,
    0.48753581560098874,
    0.48773724343671654,
    0.48736353151728845,
    0.4876843771533081,
    0.4871025044649816,
    0.4863088208915304,
    0.4861609077097205,
    0.4862195470382809,
    0.4856915925545171,
    0.4859147523211082,
    0.48558628817039806,
    0.4857559980110893,
    0.48545256240643636,
    0.4852396765391157,
    0.485224711634717,
    0.48520219539395476,
    0.4854651075779782,
    0.4854565472887971,
    0.48556398729889716
  ],
  "train_acc": [
    0.9849855756622082,
    0.998688696564385,
    0.9995410437975347,
    0.998688696564385,
    0.9990820875950694,
    0.999213217938631,
    0.9992787831104117,
    0.9993443482821925,
    0.999475478625754,
    0.999213217938631,
    0.9995410437975347,
    0.9996721741410962,
    0.9996721741410962,
    0.9996721741410962,
    0.9998688696564385,
    0.999737739312877,
    0.9999344348282192,
    0.9998688696564385,
    0.9999344348282192,
    1.0,
    1.0,
    1.0,
    0.9999344348282192,
    0.9998688696564385,
    0.9998688696564385
  ],
  "val_loss": [
    0.4874598882534293,
    0.486170356360451,
    0.48529970347725204,
    0.48594136430743856,
    0.48551228316183676,
    0.4856330035649525,
    0.48528106050881,
    0.4852605827070769,
    0.5631894645670935,
    0.4976268402096362,
    0.48544055353040283,
    0.4850047261319028,
    0.48497502308294,
    0.48533157307231156,
    0.4853616018080474,
    0.4849153111560486,
    0.4849748650166675,
    0.4848590029853373,
    0.4848923662559345,
    0.48485089420897604,
    0.48487433845800776,
    0.4848327682616512,
    0.4848696434135647,
    0.484880268573761,
    0.4848698875615583
  ],
  "val_acc": [
    1.0,
    1.0,
    1.0,
    0.999738082765846,
    1.0,
    1.0,
    1.0,
    1.0,
    0.9714510214772132,
    0.9952854897852279,
    0.999738082765846,
    1.0,
    1.0,
    1.0,
    1.0,
    1.0,
    1.0,
    1.0,
    1.0,
    1.0,
    1.0,
    1.0,
    1.0,
    1.0,
    1.0
  ]
}